image_top_1	new_class
-1	nophotos
0.0	серьги
1.0	диадема
2.0	колье
3.0	бусы
4.0	браслет
5.0	колье
6.0	кулон
7.0	ободок
8.0	кулон
9.0	красная
10.0	заколка
11.0	кольцо
12.0	цепочка
13.0	брошь
14.0	цепь
15.0	браслет
16.0	серьги
17.0	колье
18.0	бусы
19.0	кольцо
20.0	запонки
21.0	подвеска
22.0	серьги
23.0	кольцо
24.0	браслет
25.0	кольцо
26.0	pandora
27.0	цепь
28.0	брошь
29.0	часов
30.0	часы
31.0	часы
32.0	samsung
33.0	часы
34.0	часы
35.0	часы
36.0	секундомер
37.0	часы
38.0	часы
39.0	часы
40.0	watch
41.0	боди
42.0	комбинезон
43.0	кеды
44.0	сандали
45.0	кроссовки
46.0	туфли
47.0	ботинки
48.0	валенки
49.0	резиновые
50.0	костюм
51.0	куртка
52.0	куртка
53.0	ветровка
54.0	костюм
55.0	шапка
56.0	варежки
57.0	шапка
58.0	шлем
59.0	кофта
60.0	майка
61.0	толстовка
62.0	водолазка
63.0	костюм
64.0	свитер
65.0	футболка
66.0	кофта
67.0	поло
68.0	брюки
69.0	штаны
70.0	штаны
71.0	джинсы
72.0	брюки
73.0	костюм
74.0	костюм
75.0	конверт
76.0	рубашка
77.0	плавки
78.0	шорты
79.0	костюм
80.0	платье
81.0	юбка
82.0	платье
83.0	боди
84.0	комбинезон
85.0	кеды
86.0	кроссовки
87.0	туфли
88.0	ботинки
89.0	валенки
90.0	пинетки
91.0	сапоги
92.0	балетки
93.0	сандали
94.0	костюм
95.0	куртка
96.0	куртка
97.0	ветровка
98.0	костюм
99.0	костюм
100.0	перчатки
101.0	шапка
102.0	варежки
103.0	шарф
104.0	шлем
105.0	шапка
106.0	майка
107.0	кофта
108.0	платье
109.0	костюм
110.0	свитер
111.0	футболка
112.0	кофта
113.0	колготки
114.0	блузка
115.0	джинсы
116.0	штаны
117.0	джинсы
118.0	джинсы
119.0	брюки
120.0	костюм
121.0	конверт
122.0	рубашка
123.0	костюм
124.0	купальник
125.0	платье
126.0	шорты
127.0	купальник
128.0	кольцо
129.0	клатч
130.0	перчатки
131.0	шапка
132.0	пряжа
133.0	колец
134.0	шляпа
135.0	маска
136.0	груша
137.0	мая
138.0	платок
139.0	обложка
140.0	подтяжки
141.0	пальто
142.0	галстук
143.0	стельки
144.0	регистрация
145.0	шапка
146.0	букет
147.0	сумка
148.0	машину
149.0	рюкзак
150.0	рюкзак
151.0	рюкзак
152.0	рюкзак
153.0	сумка
154.0	рюкзак
155.0	сумка
156.0	сумка
157.0	сумка
158.0	рюкзак
159.0	сумка
160.0	рюкзак
161.0	сумка
162.0	сумка
163.0	рюкзак
164.0	рюкзак
165.0	рюкзак
166.0	рюкзак
167.0	рюкзак
168.0	рюкзак
169.0	рюкзак
170.0	рюкзак
171.0	сумка
172.0	рюкзак
173.0	продам
174.0	рюкзак
175.0	рюкзак
176.0	рюкзак
177.0	рюкзак
178.0	рюкзак
179.0	кенгуру
180.0	рюкзак
181.0	рюкзак
182.0	рюкзак
183.0	рюкзак
184.0	сумка
185.0	рюкзак
186.0	рюкзак
187.0	рюкзак
188.0	рюкзак
189.0	рюкзак
190.0	рюкзак
191.0	рюкзак
192.0	рюкзак
193.0	рюкзак
194.0	рюкзак
195.0	рюкзак
196.0	маска
197.0	очки
198.0	шапка
199.0	очки
200.0	вейвборд(скейтборд)
201.0	чемодан
202.0	очки
203.0	перчатки
204.0	букет
205.0	сумка
206.0	мужской
207.0	piquadro
208.0	очки
209.0	панама
210.0	м
211.0	кепка
212.0	платье
213.0	ремень
214.0	х
215.0	платье
216.0	куртка
217.0	брендовые
218.0	кошелек
219.0	сумка
220.0	шапка
221.0	кепка
222.0	чокер
223.0	шляпа
224.0	манекены
225.0	шкатулка
226.0	брелок
227.0	берет
228.0	волосы
229.0	отделка
230.0	шапка
231.0	шарф
232.0	портфель
233.0	волос
234.0	свадебные
235.0	варежки
236.0	колпачки
237.0	куртка
238.0	сумка
239.0	кошелек
240.0	платье
241.0	платье
242.0	женская
243.0	рюкзак
244.0	свадебные
245.0	бабочка
246.0	ручка
247.0	очки
248.0	шапка
249.0	очки
250.0	ремень
251.0	платье
252.0	маска
253.0	сумка
254.0	сумка
255.0	сумка
256.0	сумка
257.0	сумка
258.0	новая
259.0	сумка
260.0	сумка
261.0	сумка
262.0	сумка
263.0	сумка
264.0	сумка
265.0	сумка
266.0	сумка
267.0	сумка
268.0	сумка
269.0	сумка
270.0	сумка
271.0	сумка
272.0	сумка
273.0	сумка
274.0	сумка
275.0	сумка
276.0	сумка
277.0	сумка
278.0	сумка
279.0	сумка
280.0	сумка
281.0	сумка
282.0	сумка
283.0	сумка
284.0	сумка
285.0	сумка
286.0	сумка
287.0	сумка
288.0	сумка
289.0	сумка
290.0	сумка
291.0	сумка
292.0	сумка
293.0	сумка
294.0	сумка
295.0	сумка
296.0	сумка
297.0	сумка
298.0	сумка
299.0	сумка
300.0	сумка
301.0	сумка
302.0	сумка
303.0	сумка
304.0	сумка
305.0	сумка
306.0	сумка
307.0	сумка
308.0	сумка
309.0	сумка
310.0	сумка
311.0	сумка
312.0	сумка
313.0	сумка
314.0	сумка
315.0	сумка
316.0	сумка
317.0	сумка
318.0	сумка
319.0	сумка
320.0	ваз
321.0	сумка
322.0	сумка
323.0	продам
324.0	сумка
325.0	сумка
326.0	участок
327.0	сумка
328.0	сумка
329.0	сумка
330.0	сумка
332.0	сумка
333.0	сумка
334.0	шапка
335.0	браслет
336.0	пилотки
337.0	сумка
338.0	рост
339.0	кошелёк
340.0	чемодан
341.0	воротник
342.0	очки
343.0	набор
344.0	см
345.0	сумка
346.0	ободок
347.0	сумка
348.0	клатч
349.0	ремень
350.0	галстук
351.0	зонт
352.0	шапка
353.0	шкуры
354.0	шапка
355.0	волос
356.0	портфель
357.0	зажигалка
358.0	брелок
359.0	шарф
360.0	погоны
361.0	сумка
362.0	перчатки
363.0	кепка
364.0	"пуфик""сундук"""
365.0	браслет
366.0	манекен
367.0	женский
368.0	шарф
369.0	фуражка
371.0	серьги
372.0	серьги
373.0	шорты
374.0	юбка
375.0	юбка
376.0	юбка
377.0	юбка
378.0	юбка
379.0	джинсы
381.0	юбка
382.0	юбка
383.0	платье
384.0	пальто
385.0	платье
386.0	платье
387.0	платье
388.0	платье
389.0	платье
390.0	платье
391.0	платье
392.0	платье
393.0	платье
394.0	платье
395.0	платье
396.0	платье
397.0	платье
398.0	платье
399.0	платье
400.0	платье
401.0	платье
402.0	платье
403.0	платье
404.0	платье
405.0	платье
406.0	платье
407.0	платье
408.0	платье
409.0	платье
410.0	платье
411.0	платье
412.0	ветровка
413.0	рубашка
414.0	рубашка
415.0	блузка
416.0	купальник
417.0	купальник
418.0	туфли
419.0	кеды
420.0	босоножки
421.0	ботильоны
422.0	ботинки
423.0	кроссовки
424.0	сапоги
425.0	туфли
426.0	слипоны
427.0	угги
428.0	угги
429.0	ботинки
430.0	туфли
431.0	туфли
432.0	туфли
433.0	туфли
434.0	туфли
435.0	туфли
436.0	ботинки
437.0	босоножки
438.0	ботинки
439.0	пинетки
440.0	босоножки
441.0	мокасины
442.0	кроссовки
443.0	кроссовки
444.0	ботинки
445.0	туфли
446.0	сапоги
447.0	кроссовки
448.0	кроссовки
449.0	сапоги
450.0	туфли
451.0	кроссовки
452.0	кроссовки
453.0	балетки
454.0	кроссовки
455.0	кроссовки
456.0	кроссовки
457.0	кроссовки
458.0	ботинки
459.0	кроссовки
460.0	кроссовки
461.0	кроссовки
462.0	кроссовки
463.0	кроссовки
464.0	кроссовки
465.0	сланцы
466.0	кроссовки
467.0	кроссовки
468.0	кроссовки
469.0	кроссовки
470.0	кроссовки
471.0	ботинки
472.0	adidas
473.0	кроссовки
474.0	кроссовки
475.0	кроссовки
476.0	кеды
477.0	кроссовки
478.0	кроссовки
479.0	кроссовки
480.0	кроссовки
481.0	кроссовки
482.0	сланцы
483.0	кроссовки
484.0	кроссовки
485.0	кеды
486.0	кроссовки
487.0	кроссовки
488.0	ботинки
489.0	сапоги
490.0	сапоги
491.0	сапоги
492.0	сапоги
493.0	сапоги
494.0	сапоги
495.0	сапоги
496.0	балетки
497.0	босоножки
498.0	кеды
499.0	сапоги
500.0	сапожки
501.0	ботильоны
502.0	босоножки
503.0	сапоги
504.0	босоножки
505.0	босоножки
506.0	дубленка
507.0	куртка
508.0	плащ
509.0	куртка
510.0	куртка
511.0	куртка
512.0	куртка
513.0	куртка
514.0	плащ
515.0	куртка
516.0	пальто
517.0	пальто
518.0	пальто
519.0	пальто
520.0	пальто
521.0	пальто
522.0	пальто
523.0	пальто
524.0	пальто
525.0	пальто
526.0	пальто
527.0	куртка
528.0	куртка
529.0	куртка
530.0	плащ
531.0	жилетка
532.0	пальто
533.0	платье
534.0	жилетка
535.0	плащ
536.0	дубленка
537.0	жилетка
538.0	шуба
539.0	куртка
540.0	куртка
541.0	плащ
542.0	пальто
543.0	куртка
544.0	шуба
545.0	куртка
546.0	платье
547.0	корсет
548.0	юбка
549.0	чулки
550.0	трусики
551.0	белье
552.0	бюстгальтер
553.0	боди
554.0	комплект
555.0	платье
556.0	колготки
557.0	платье
558.0	шубка
559.0	платье
560.0	платье
561.0	платье
562.0	пиджак
563.0	пиджак
564.0	платье
565.0	костюм
566.0	костюм
567.0	джинсы
568.0	кофта
569.0	кардиган
570.0	пальто
571.0	водолазка
572.0	платье
573.0	кофта
574.0	кофта
575.0	свитер
576.0	жилет
577.0	костюм
578.0	вечерний
579.0	брюки
580.0	джинсы
581.0	брюки
582.0	комбинезон
583.0	брюки
584.0	брюки
585.0	брюки
586.0	джинсы
587.0	джинсы
588.0	брюки
589.0	джинсы
590.0	болеро
591.0	комбинезон
592.0	комбинезон
593.0	платье
594.0	crocs
595.0	платье
596.0	платье
597.0	футболка
598.0	футболка
599.0	кардиган
600.0	кофта
601.0	куртка
602.0	пальто
603.0	платье
604.0	платье
605.0	халат
606.0	бандаж
607.0	шорты
608.0	брюки
609.0	шорты
610.0	юбка
611.0	шорты
612.0	шорты
613.0	шорты
614.0	брюки
615.0	шорты
616.0	шорты
617.0	носки
618.0	платье
619.0	блузка
620.0	платье
621.0	поло
622.0	футболка
623.0	футболка
624.0	футболка
625.0	свитер
626.0	кофта
627.0	футболка
628.0	толстовка
629.0	кофта
630.0	свитер
631.0	свитер
632.0	футболка
633.0	кофта
634.0	поло
635.0	рубашка
636.0	туфли
637.0	кеды
638.0	кроссовки
639.0	туфли
640.0	бутсы
641.0	ботинки
642.0	сапоги
643.0	мокасины
644.0	ботинки
645.0	куртка
646.0	куртка
647.0	костюм
648.0	куртка
649.0	куртка
650.0	плащ
651.0	дубленка
652.0	пальто
653.0	пальто
654.0	пальто
655.0	пальто
656.0	костюм
657.0	костюм
658.0	джинсы
659.0	брюки
660.0	брюки
661.0	брюки
662.0	джинсы
663.0	куртка
664.0	костюм
665.0	костюм
666.0	костюм
667.0	жилетка
668.0	трусы
669.0	форма
670.0	куртка
671.0	шорты
672.0	форма
673.0	костюм
674.0	костюм
675.0	костюм
676.0	форма
677.0	платье
678.0	халат
679.0	носки
680.0	парик
681.0	расческа
682.0	волосы
683.0	волос
684.0	бигуди
685.0	ножницы
686.0	волос
687.0	волосы
688.0	шампунь
689.0	похудения
690.0	аппарат
691.0	бритва
692.0	кресло
693.0	гантели
694.0	фотоэпилятор
695.0	концентратор
696.0	матрас
697.0	ходунки
698.0	волос
699.0	ортез
700.0	воротник
701.0	пилка
702.0	аппарат
703.0	ингалятор
704.0	фрейка
705.0	очки
706.0	подушка
707.0	бигуди
708.0	бандаж
709.0	глюкометр
710.0	бандаж
711.0	полоски
712.0	машинка
713.0	кейс
714.0	ножницы
715.0	кенгуру
716.0	лица
717.0	бандаж
718.0	ног
719.0	маникюра
720.0	набор
721.0	накидка
722.0	бандаж
723.0	солярий
724.0	стол
725.0	бандаж
726.0	тонометр
727.0	аппарат
728.0	кровать
729.0	пилка
730.0	набор
731.0	осанки
732.0	бандаж
733.0	стерилизатор
734.0	трость
735.0	пояс
736.0	мат
737.0	лампа
738.0	корсет
739.0	gillette
740.0	костыли
741.0	пилка
742.0	коврик
743.0	массажер
744.0	шина
745.0	корсет
746.0	коляска
747.0	массажер
748.0	воскоплав
749.0	ортез
750.0	термометр
751.0	массажер
752.0	мочалки
753.0	паста
754.0	мыло
755.0	душа
756.0	зубная
757.0	маска
758.0	мыло
759.0	ирригатор
760.0	мыло
761.0	прокладки
762.0	калоприемники
763.0	маска
764.0	продам
765.0	кассеты
766.0	пеленки
767.0	взрослых
768.0	вода
769.0	вода
770.0	духи
771.0	вода
772.0	духи
773.0	губ
774.0	помада
775.0	крем
776.0	карандаш
777.0	помада
778.0	маникюр
779.0	тушь
780.0	румяна
781.0	палетка
782.0	тени
783.0	лак
784.0	набор
785.0	крем
786.0	тени
787.0	ресниц
788.0	крем
789.0	губ
790.0	пудра
791.0	набор
792.0	масло
793.0	маска
794.0	крем
795.0	гель
796.0	автокресло
797.0	весы
798.0	смесь
799.0	каша
800.0	стерилизатор
801.0	смесь
802.0	подогреватель
803.0	накладки
804.0	avent
805.0	соски
806.0	пюре
807.0	бутылочки
808.0	подогреватель
809.0	поильник
810.0	подушка
811.0	кормления
812.0	стерилизатор
813.0	молокоотсос
814.0	ниблер
815.0	молокоотсос
816.0	горшок
817.0	кормления
818.0	доска
819.0	кровать
820.0	унитаз
821.0	шезлонг
822.0	настройка
823.0	детская
824.0	стол
825.0	комод
826.0	манеж
827.0	качели
828.0	беговел
829.0	велосипед
830.0	самокат
831.0	игрушка
832.0	меч
833.0	коврик
834.0	шары
835.0	мяч
836.0	nerf
837.0	мотоцикл
838.0	неокуб
839.0	кран
840.0	кухня
841.0	игрушка
842.0	машина
843.0	песок
844.0	динозавр
845.0	палатка
846.0	кукла
847.0	маша
848.0	набор
849.0	прыгун
850.0	кубики
851.0	слингобусы
852.0	пирамидка
853.0	ходунки
854.0	улитка
855.0	конструктор
856.0	трактор
857.0	крокодил
858.0	игрушек
859.0	замок
860.0	качалка
861.0	батут
862.0	коляска
863.0	pet
864.0	игра
865.0	ниндзя
866.0	танк
867.0	игровая
868.0	грузовик
869.0	пистолет
870.0	неваляшка
871.0	дед
872.0	юла
873.0	кукла
874.0	беговел
875.0	хай
876.0	азбука
877.0	медведь
878.0	лабиринт
879.0	хомяк
880.0	набор
881.0	игрушки
882.0	коврик
883.0	участок
884.0	спиннер
885.0	дорога
886.0	игрушка
887.0	катер
888.0	каталка
889.0	робот
890.0	паровозик
891.0	электромобиль
892.0	игрушка
893.0	игрушки
894.0	конструктор
895.0	lego
896.0	lego
897.0	lego
898.0	lego
899.0	лего
900.0	lego
901.0	lego
902.0	lego
903.0	плакат
904.0	игровой
905.0	укрытие
906.0	набор
907.0	пазлы
908.0	винни
909.0	lego
910.0	дск
911.0	радионяня
912.0	игрушка
913.0	игрушки
914.0	центр
915.0	игрушка
916.0	домик
917.0	игрушка
918.0	миньон
919.0	машинки
920.0	горка
921.0	корабль
922.0	песочница
923.0	черепаха
924.0	автобус
925.0	тоннель
926.0	панда
927.0	кукла
928.0	пианино
929.0	игрушки
930.0	игрушки
931.0	человек
932.0	номерам
933.0	солдатики
934.0	hello
935.0	качалка
936.0	вертолет
937.0	заяц
938.0	мишка
939.0	sylvanian
940.0	игрушки
941.0	робокар
942.0	железная
943.0	бизиборд
944.0	коврик
945.0	кукла
946.0	планшет
947.0	развивающий
948.0	ваз
949.0	квадрокоптер
950.0	конструктор
951.0	мобиль
952.0	лошадка
953.0	тигр
954.0	экскаватор
955.0	кукла
956.0	бассейна
957.0	кукла
958.0	игрушка
959.0	игрушки
960.0	мобиль
961.0	слон
962.0	медведь
963.0	каталка
964.0	новая
965.0	парковка
966.0	летающая
967.0	ферби
968.0	прыгунки
969.0	машина
970.0	коврик
971.0	синтезатор
972.0	хай
973.0	ручной
974.0	компьютер
975.0	игрушки
976.0	авто
977.0	самолёт
978.0	брелок
979.0	домик
980.0	развивающий
981.0	игрушка
982.0	кукла
983.0	цифра
984.0	пони
985.0	игрушка
986.0	конструктор
987.0	квадроцикл
988.0	плетения
989.0	кукла
990.0	телефон
991.0	машина
992.0	гитара
993.0	зебра
994.0	барби
995.0	развивающий
996.0	angry
997.0	руль
998.0	щенячий
999.0	переноска
1000.0	слинг
1001.0	велосипед
1002.0	коляска
1003.0	кенгуру
1004.0	санки
1005.0	эргорюкзак
1006.0	пеленки
1007.0	торт
1008.0	кокон
1009.0	подушка
1010.0	плед
1011.0	ползунки
1012.0	квартира,
1013.0	подгузники
1014.0	позиционер
1015.0	кроватку
1016.0	выписку
1017.0	ванночка
1018.0	подгузники
1019.0	ванночка
1020.0	круг
1021.0	трусики
1022.0	купания
1023.0	нарукавники
1024.0	шапочка
1025.0	жилет
1026.0	аспиратор
1027.0	купания
1028.0	ванночка
1029.0	бассейн
1030.0	купания
1031.0	папка
1032.0	тубус
1033.0	книга
1034.0	карандаши
1035.0	класс
1036.0	рюкзак
1037.0	букварь
1038.0	участок
1039.0	торговое
1040.0	класс
1041.0	краски
1042.0	доска
1043.0	папка
1044.0	рюкзак
1045.0	набор
1046.0	ручка
1047.0	мольберт
1048.0	рюкзак
1049.0	пенал
1050.0	класс
1051.0	глобус
1052.0	книги
1053.0	погрузчик
1054.0	услуги
1055.0	газ
1056.0	камаз
1057.0	маз
1058.0	погрузчик
1059.0	жатка
1060.0	трактор
1061.0	грабли
1062.0	комбайн
1063.0	картофелекопалка
1064.0	участок
1065.0	опрыскиватель
1066.0	удобрений
1067.0	прицеп
1068.0	плуг
1069.0	культиватор
1070.0	борона
1071.0	картофелесажалка
1072.0	сеялка
1073.0	трактор
1074.0	косилка
1075.0	почвофреза
1076.0	пресс
1077.0	камаз
1078.0	квартира,
1079.0	экскаватор
1080.0	полуприцеп
1081.0	бульдозер
1082.0	автобус
1083.0	бетон
1084.0	газ
1085.0	пульт
1086.0	помещение,
1087.0	ваз
1088.0	участок
1089.0	л
1090.0	динамики
1091.0	набор
1092.0	контейнер
1093.0	мотор
1094.0	двигатель
1095.0	квартира,
1096.0	торговое
1097.0	ремонт
1098.0	ремонт
1099.0	ваз
1100.0	гантели
1101.0	полировка
1102.0	lada
1103.0	токарный
1104.0	ваз
1105.0	ваз
1106.0	ваз
1107.0	участок
1108.0	ваз
1109.0	насос
1110.0	продам
1111.0	продам
1112.0	ваз
1113.0	ваз
1114.0	ваз
1115.0	ваз
1116.0	cisco
1117.0	ваз
1118.0	toyota
1119.0	планшет
1120.0	перчатки
1121.0	куртка
1122.0	черепаха
1123.0	очки
1124.0	комбинезон
1125.0	ботинки
1126.0	шлем
1127.0	спины
1128.0	щитки
1129.0	визор
1130.0	брюки
1131.0	прицеп
1132.0	ваз
1133.0	автокресло
1134.0	мотоцикл
1135.0	honda
1136.0	мотоцикл
1137.0	honda
1138.0	мотоцикл
1139.0	скутер
1140.0	коляска
1141.0	снегоход
1142.0	уаз
1143.0	ваз
1144.0	гидроцикл
1145.0	участок
1146.0	участке
1147.0	лодка
1148.0	лодка
1149.0	катер
1150.0	заказ
1151.0	участок
1152.0	рыба
1153.0	сыр
1154.0	яйцо
1155.0	домашние
1156.0	участок
1157.0	куличи
1158.0	кофе
1159.0	заказ
1160.0	пряники
1161.0	раки
1162.0	икра
1163.0	помещение
1164.0	картофель
1165.0	участке
1166.0	молоко
1167.0	масло
1168.0	участок
1169.0	шоколад
1170.0	мясо
1171.0	рассада
1172.0	участок
1173.0	варенье
1174.0	огурцы
1175.0	сухой
1176.0	комбикорм
1177.0	помещение,
1178.0	лук
1179.0	чай
1180.0	заказ
1181.0	орех
1182.0	яйцо
1183.0	конфеты
1184.0	грибы
1185.0	вяленое
1186.0	орех
1187.0	саженцы
1188.0	смесь
1189.0	тыква
1190.0	участок
1191.0	квартира,
1192.0	станок
1193.0	печь
1194.0	пушка
1195.0	труба
1196.0	колонка
1197.0	котел
1198.0	чугунные
1199.0	печь
1200.0	радиатор
1201.0	обогреватель
1202.0	квартира,
1203.0	дрова
1204.0	пушка
1205.0	пол
1206.0	камин
1207.0	навоз
1208.0	газовый
1209.0	пушка
1210.0	терморегулятор
1211.0	резак
1212.0	лестница
1213.0	пила
1214.0	таль
1215.0	станок
1216.0	электроды
1217.0	электродвигатель
1218.0	цифровой
1219.0	маска
1220.0	паяльник
1221.0	патрон
1222.0	бетономешалка
1223.0	зарядное
1224.0	мотобур
1225.0	пушка
1226.0	сварочный
1227.0	канистра
1228.0	ремонт
1229.0	краскопульт
1230.0	дрель
1231.0	болгарка
1232.0	набор
1233.0	плиткорез
1234.0	машина
1235.0	насос
1236.0	производство
1237.0	сварочный
1238.0	станок
1239.0	отбойный
1240.0	рубанок
1241.0	ножницы
1242.0	баллон
1243.0	бензопила
1244.0	компрессор
1245.0	перфоратор
1246.0	удлинитель
1247.0	дрель
1248.0	тележка
1249.0	стабилизатор
1250.0	стремянка
1251.0	виброплита
1252.0	генератор
1253.0	теодолит
1254.0	изоспан
1255.0	лобзик
1256.0	держатель
1257.0	пластиковые
1258.0	сверла
1259.0	штангенциркуль
1260.0	штроборез
1261.0	станок
1262.0	топор
1263.0	диск
1264.0	лазерный
1265.0	набор
1266.0	шуруповерт
1267.0	генератор
1268.0	пила
1269.0	мультиметр
1270.0	дальномер
1271.0	мм
1272.0	тиски
1273.0	пистолет
1274.0	ящики
1275.0	домкрат
1276.0	м
1277.0	пила
1278.0	клещи
1279.0	шуруповерт
1280.0	станок
1281.0	шифер
1282.0	участке
1283.0	х
1284.0	участке
1285.0	участке
1286.0	клей
1287.0	квартира,
1288.0	участке
1289.0	поддоны
1290.0	квартира,
1291.0	участок
1292.0	лист
1293.0	краска
1294.0	х
1295.0	участке
1296.0	участке
1297.0	участок
1298.0	мешки
1299.0	выключатель
1300.0	участке
1301.0	сетка
1302.0	участке
1303.0	труба
1304.0	плитка
1305.0	участок
1306.0	рубероид
1307.0	кабель
1308.0	участке
1309.0	участке
1310.0	продам
1311.0	щебень
1312.0	электрик
1313.0	х
1314.0	кольца
1315.0	квартира,
1316.0	пена
1317.0	участок
1318.0	участке
1319.0	арматура
1320.0	участке
1321.0	участке
1322.0	розетка
1323.0	участке
1324.0	дом
1325.0	участок
1326.0	обои
1327.0	утеплитель
1328.0	х
1329.0	квартира,
1330.0	штукатурка
1331.0	саморезы
1332.0	х
1333.0	пиццы
1334.0	участок
1335.0	кирпич
1336.0	создание
1337.0	участке
1338.0	участке
1339.0	ламинат
1340.0	мм
1341.0	лопата
1342.0	триммер
1343.0	грабли
1344.0	еврокуб
1345.0	квартира,
1346.0	мотоблок
1347.0	снегоуборщик
1348.0	тележка
1349.0	участке
1350.0	газонокосилка
1351.0	емкость
1352.0	насос
1353.0	станция
1354.0	насос
1355.0	участке
1356.0	секатор
1357.0	опрыскиватель
1358.0	теплица
1359.0	гараж,
1360.0	культиватор
1361.0	шланг
1362.0	участок
1363.0	триммер
1364.0	шланг
1365.0	газонокосилка
1366.0	бочка
1367.0	лопата
1368.0	мойка
1369.0	насос
1370.0	петля
1371.0	доводчик
1372.0	квартира,
1373.0	двери
1374.0	гантели
1375.0	замок
1376.0	гараж,
1377.0	дверь
1378.0	ванна
1379.0	тумба
1380.0	бочка
1381.0	смеситель
1382.0	труба
1383.0	бак
1384.0	фитинги
1385.0	насос
1386.0	клапан
1387.0	раковина
1388.0	кран
1389.0	септик
1390.0	мойка
1391.0	смеситель
1392.0	унитаз
1393.0	квартира,
1394.0	квартира,
1395.0	дом
1396.0	квартира,
1397.0	участке
1398.0	полотенцесушитель
1399.0	воды
1400.0	водонагреватель
1401.0	кабель
1402.0	задвижка
1403.0	сетки
1404.0	окон
1405.0	окно
1406.0	участке
1407.0	квартира,
1408.0	квартира,
1409.0	квартира,
1410.0	квартира,
1411.0	окно
1412.0	участке
1413.0	ковер
1414.0	полотенца
1415.0	скатерть
1416.0	постельное
1417.0	ковер
1418.0	подушки
1419.0	кровать
1420.0	квартира,
1421.0	плед
1422.0	квартира,
1423.0	квартира,
1424.0	квартира,
1425.0	одеяло
1426.0	салфетка
1427.0	стол
1428.0	кухонный
1429.0	квартира,
1430.0	квартира,
1431.0	диван
1432.0	диван
1433.0	матрас
1434.0	диван
1435.0	квартир
1436.0	кресло
1437.0	кровать
1438.0	шезлонг
1439.0	кровать
1440.0	кресло
1441.0	пуфик
1442.0	кресло
1443.0	диван
1444.0	диван
1445.0	кресло
1446.0	раскладушка
1447.0	диван
1448.0	диван
1449.0	квартира,
1450.0	стол
1451.0	кресло
1452.0	тумба
1453.0	обуви
1454.0	дисков
1455.0	стол
1456.0	обувница
1457.0	тумба
1458.0	телевизор
1459.0	подставка
1460.0	тумба
1461.0	лампа
1462.0	ночник
1463.0	торшер
1464.0	люстра
1465.0	лампа
1466.0	люстра
1467.0	лента
1468.0	люстра
1469.0	люстра
1470.0	прожектор
1471.0	проектор
1472.0	светильник
1473.0	лампа
1474.0	светильник
1475.0	лампа
1476.0	mp
1477.0	люстра
1478.0	гирлянда
1479.0	люстра
1480.0	лампа
1481.0	шкаф
1482.0	витрина
1483.0	прихожая
1484.0	шкаф
1485.0	комод
1486.0	шкаф
1487.0	шкаф
1488.0	шкаф
1489.0	шкаф
1490.0	квартира,
1491.0	трюмо
1492.0	продаже
1493.0	кованная
1494.0	зеркало
1495.0	платье
1496.0	вешалка
1497.0	квартира,
1498.0	корзина
1499.0	жалюзи
1500.0	вешалки
1501.0	квартира,
1502.0	трюмо
1503.0	доска
1504.0	матрас
1505.0	сушилка
1506.0	шкаф
1507.0	печь
1508.0	сейф
1509.0	подставка
1510.0	качели
1511.0	стеллаж
1512.0	ручки
1513.0	карниз
1514.0	квартира,
1515.0	чугунная
1516.0	участке
1517.0	полка
1518.0	ящик
1519.0	столик
1520.0	корона,
1521.0	сундук
1522.0	вешалка
1523.0	стойка
1524.0	шкатулка
1525.0	полка
1526.0	квартира,
1527.0	стол
1528.0	стулья
1529.0	стул
1530.0	стол
1531.0	стол
1532.0	косметологическая
1533.0	столик
1534.0	кухонный
1535.0	стул
1536.0	стол
1537.0	стул
1538.0	стол
1539.0	стол
1540.0	подставка
1541.0	квартира,
1542.0	статуэтка
1543.0	картина
1544.0	бюст
1545.0	статуэтка
1546.0	маска
1547.0	шар
1548.0	роза
1549.0	бюст
1550.0	картина
1551.0	тарелка
1552.0	корзина
1553.0	свечи
1554.0	топиарий
1555.0	самовар
1556.0	слон
1557.0	картина
1558.0	картина
1559.0	икона
1560.0	статуэтка
1561.0	квартира,
1562.0	картина
1563.0	статуэтка
1564.0	картина
1565.0	картина
1566.0	картина
1567.0	продам
1568.0	продам
1569.0	снов
1570.0	статуэтка
1571.0	пепельница
1572.0	картина
1573.0	сердце
1574.0	статуэтка
1575.0	шкурки
1576.0	картина
1577.0	тарелка
1578.0	кукла
1579.0	картина
1580.0	яйцо
1581.0	статуэтка
1582.0	рога
1583.0	матрёшка
1584.0	герб
1585.0	папирус
1586.0	литье
1587.0	череп
1588.0	картина
1589.0	пеленка
1590.0	фонтан
1591.0	статуэтка
1592.0	мельница
1593.0	мобиль
1594.0	медведь
1595.0	кандилябр
1596.0	часы
1597.0	подсвечник
1598.0	бутылка
1599.0	бисера
1600.0	подковы
1601.0	ваза
1602.0	рамка
1603.0	чучело
1604.0	венок
1605.0	шкатулка
1606.0	статуэтка
1607.0	кукла
1608.0	гиря
1609.0	статуэтка
1610.0	картина
1611.0	х
1612.0	часы
1613.0	картина
1614.0	рога
1615.0	ракушки
1616.0	веер
1617.0	зеркало
1618.0	чернильница
1619.0	салфетка
1620.0	блюдо
1621.0	бокалы
1622.0	сервиз
1623.0	набор
1624.0	посуда
1625.0	набор
1626.0	кружки
1627.0	нож
1628.0	ваза
1629.0	бак
1630.0	вилки
1631.0	соковарка
1632.0	контейнер
1633.0	сервиз
1634.0	ваза
1635.0	кувшин
1636.0	чайная
1637.0	подстаканник
1638.0	банки
1639.0	поднос
1640.0	фляга
1641.0	набор
1642.0	кастрюля
1643.0	набор
1644.0	тарелки
1645.0	чайник
1646.0	ваза
1647.0	банки
1648.0	запекания
1649.0	баночки
1650.0	термокружка
1651.0	казан
1652.0	стаканы
1653.0	сервиз
1654.0	бокалы
1655.0	кружка
1656.0	графин
1657.0	бидон
1658.0	скороварка
1659.0	ложки
1660.0	бутыль
1661.0	набор
1662.0	сковорода
1663.0	подставка
1664.0	средство
1665.0	витрина
1666.0	шт
1667.0	контейнер
1668.0	набор
1669.0	доска
1670.0	х
1671.0	сушилка
1672.0	терка
1673.0	коврик
1674.0	солонка
1675.0	л
1676.0	воды
1677.0	набор
1678.0	автохолодильник
1679.0	губки
1680.0	горшок
1681.0	таз
1682.0	ножницы
1683.0	поднос
1684.0	набор
1685.0	пресс
1686.0	подставка
1687.0	набор
1688.0	форма
1689.0	помпа
1690.0	сифон
1691.0	дистиллятор
1692.0	шприц
1693.0	измельчитель
1694.0	доски
1695.0	кастрюля
1696.0	участок
1697.0	уборка
1698.0	самовар
1699.0	овощерезка
1700.0	лапшерезка
1701.0	набор
1702.0	воздуха
1703.0	крышка
1704.0	ведро
1705.0	набор
1706.0	ножеточка
1707.0	набор
1708.0	столовых
1709.0	формы
1710.0	велотренажер
1711.0	набор
1712.0	мясорубка
1713.0	форма
1714.0	набор
1715.0	ложка
1716.0	посуды
1717.0	порошок
1718.0	термометр
1719.0	весы
1720.0	кротон
1721.0	горшки
1722.0	спатифиллум
1723.0	диффенбахия
1724.0	малина
1725.0	драцена
1726.0	розы
1727.0	пеларгония
1728.0	участке
1729.0	драцена
1730.0	дерево
1731.0	тюльпаны
1732.0	хойя
1733.0	монстера
1734.0	флорариум
1735.0	участок
1736.0	юкка
1737.0	л
1738.0	фикус
1739.0	лилии
1740.0	сингониум
1741.0	цветок
1742.0	фикус
1743.0	участке
1744.0	декабрист
1745.0	участок
1746.0	участке
1747.0	замиокулькас
1748.0	отдых
1749.0	участок
1750.0	дерево
1751.0	фиалки
1752.0	участок
1753.0	участке
1754.0	рассада
1755.0	молочай
1756.0	папоротник
1757.0	алоэ
1758.0	щучий
1759.0	рассада
1760.0	гибискус
1761.0	орхидея
1762.0	каланхоэ
1763.0	хлорофитум
1764.0	бегония
1765.0	гиппеаструм
1766.0	глоксиния
1767.0	участок
1768.0	фуксия
1769.0	шефлера
1770.0	антуриум
1771.0	кактус
1772.0	рассада
1773.0	машина
1774.0	машина
1775.0	машина
1776.0	машина
1777.0	машина
1778.0	машина
1779.0	посудомоечная
1780.0	посудомоечная
1781.0	посудомоечная
1782.0	машина
1783.0	плита
1784.0	плита
1785.0	шкаф
1786.0	варочная
1787.0	холодильник
1788.0	холодильник
1789.0	холодильник
1790.0	ларь
1791.0	холодильник
1792.0	холодильник
1793.0	холодильник
1794.0	холодильник
1795.0	холодильник
1796.0	холодильник
1797.0	холодильник
1798.0	холодильник
1799.0	холодильник
1800.0	холодильник
1801.0	холодильник
1802.0	холодильник
1803.0	холодильник
1804.0	холодильник
1805.0	холодильник
1806.0	холодильник
1807.0	холодильник
1808.0	холодильник
1809.0	холодильник
1810.0	холодильник
1811.0	холодильник
1812.0	холодильник
1813.0	холодильник
1814.0	холодильник
1815.0	компьютеры
1816.0	вытяжка
1817.0	вытяжка
1818.0	мультиварка
1819.0	аппарат
1820.0	чайник
1821.0	фруктов
1822.0	пароварка
1823.0	блендер
1824.0	хлебопечь
1825.0	кулер
1826.0	аэрогриль
1827.0	вафельница
1828.0	йогуртница
1829.0	миксер
1830.0	кофемашина
1831.0	гриль
1832.0	соковыжималка
1833.0	гриль
1834.0	весы
1835.0	тостер
1836.0	кофемолка
1837.0	самовар
1838.0	кофеварка
1839.0	термопот
1840.0	мясорубка
1841.0	фритюрница
1842.0	комбайн
1843.0	тарелка
1844.0	микроволновая
1845.0	печь
1846.0	печь
1847.0	печь
1848.0	печь
1849.0	печь
1850.0	печь
1851.0	печь
1852.0	печь
1853.0	печь
1854.0	печь
1855.0	печь
1856.0	печь
1857.0	микроволновка
1858.0	печь
1859.0	печь
1860.0	печь
1861.0	магнетрон
1862.0	кронштейн
1863.0	обогреватель
1864.0	обогреватель
1865.0	завеса
1866.0	тепловентилятор
1867.0	обогреватель
1868.0	воздуха
1869.0	воздуха
1870.0	увлажнитель
1871.0	увлажнитель
1872.0	увлажнитель
1873.0	увлажнитель
1874.0	воздуха
1875.0	sharp
1876.0	воздуха
1877.0	воздуха
1878.0	комплект
1879.0	воздуха
1880.0	воздуха
1881.0	воздуха
1882.0	франкфурты
1883.0	озонатор
1884.0	продам
1885.0	кондиционер
1886.0	сплит-система
1887.0	кондиционер
1888.0	пульт
1889.0	вентилятор
1890.0	люстра
1891.0	вентилятор
1892.0	вентилятор
1893.0	вентилятор
1894.0	гигрометр
1895.0	барометр
1896.0	строка
1897.0	термометр
1898.0	весы
1899.0	рук
1900.0	сигнализация
1901.0	отпугиватель
1902.0	преобразователь
1903.0	весы
1904.0	сепаратор
1905.0	часы
1906.0	машинка
1907.0	стабилизатор
1908.0	видеодомофон
1909.0	счетчик
1910.0	дозиметр
1911.0	весы
1912.0	обуви
1913.0	телефон
1914.0	karcher
1915.0	сигнализация
1916.0	машинка
1917.0	эпилятор
1918.0	волос
1919.0	фен
1920.0	фен
1921.0	плойка
1922.0	выпрямитель
1923.0	бритва
1924.0	триммер
1925.0	вязальная
1926.0	оверлок
1927.0	набор
1928.0	петли
1929.0	швейная
1930.0	вязальная
1931.0	швейная
1932.0	швейная
1933.0	швейная
1934.0	швейная
1935.0	швейная
1936.0	швейная
1937.0	швейная
1938.0	швейная
1939.0	швейная
1940.0	швейная
1941.0	швейная
1942.0	швейная
1943.0	швейная
1944.0	швейная
1945.0	швейная
1946.0	швейная
1947.0	отпариватель
1948.0	гладильная
1949.0	гладильная
1950.0	отпариватель
1951.0	утюг
1952.0	утюг
1953.0	утюг
1954.0	утюг
1955.0	утюг
1956.0	утюг
1957.0	утюг
1958.0	утюг
1959.0	утюг
1960.0	утюг
1961.0	утюг
1962.0	утюг
1963.0	пылесоса
1964.0	робот
1965.0	пылесос
1966.0	мешки
1967.0	пылесос
1968.0	пылесос
1969.0	швабра
1970.0	пылесос
1971.0	пылесос
1972.0	пылесос
1973.0	пылесос
1974.0	пылесос
1975.0	пылесос
1976.0	пылесос
1977.0	пылесос
1978.0	пылесос
1979.0	пылесос
1980.0	пылесос
1981.0	стиральная
1982.0	стиральная
1983.0	стиральная
1984.0	стиральная
1985.0	стиральная
1986.0	стиральная
1987.0	стиральная
1988.0	стиральная
1989.0	стиральная
1990.0	стиральная
1991.0	стиральная
1992.0	стиральная
1993.0	стиральная
1994.0	устройство
1995.0	ремонт
1996.0	стиральная
1997.0	шланг
1998.0	стиральных
1999.0	тэн
2000.0	двигатель
2001.0	ремень
2002.0	плата
2003.0	насос
2004.0	стиральная
2005.0	стиральная
2006.0	витрина
2007.0	детектор
2008.0	сканер
2009.0	ремонт
2010.0	весы
2011.0	аквариум
2012.0	сом
2013.0	фильтр
2014.0	аквариум
2015.0	аквариум
2016.0	участок
2017.0	аквариума
2018.0	аквариум
2019.0	ульи
2020.0	ботинки
2021.0	клетка
2022.0	ошейник
2023.0	аквариум
2024.0	будка
2025.0	участок
2026.0	переноска
2027.0	клетка
2028.0	комбинезон
2029.0	корм
2030.0	книги.
2031.0	участке
2032.0	лежанка
2033.0	ошейник
2034.0	домик
2035.0	поводок
2036.0	корм
2037.0	участок
2038.0	инкубатор
2039.0	кормушка
2040.0	клетка
2041.0	наполнитель
2042.0	комбинезон
2043.0	лоток
2044.0	шар
2045.0	когтеточка
2046.0	участок
2047.0	руки
2048.0	квартира,
2049.0	руки
2050.0	котята
2051.0	сфинкса
2052.0	руки
2053.0	сфинкс
2054.0	руки
2055.0	руки
2056.0	кун
2057.0	сфинкс
2058.0	пушистый
2059.0	котята
2060.0	руки
2061.0	руки
2062.0	руки
2063.0	руки
2064.0	руки
2065.0	руки
2066.0	руки
2067.0	отдам
2068.0	сфинкс
2069.0	добрые
2070.0	котята
2071.0	отдам
2072.0	донской
2073.0	руки
2074.0	отдам
2075.0	котята
2076.0	руки
2077.0	отдам
2078.0	котята
2079.0	руки
2080.0	руки
2081.0	руки
2082.0	вельш
2083.0	щенки
2084.0	джек
2085.0	руки
2086.0	щенки
2087.0	фокс
2088.0	щенки
2089.0	щенки
2090.0	руки
2091.0	бультерьера
2092.0	щенки
2093.0	таксы
2094.0	руки
2095.0	ши-тцу
2096.0	хаски
2097.0	руки
2098.0	той
2099.0	щенки
2100.0	руки
2101.0	ротвейлера
2102.0	мопса
2103.0	щенки
2104.0	щенки
2105.0	щенки
2106.0	-х
2107.0	щенки
2108.0	руки
2109.0	йорка
2110.0	брюссельский
2111.0	мастино
2112.0	ищет
2113.0	щенки
2114.0	отдам
2115.0	пекинес
2116.0	девочка
2117.0	щенки
2118.0	ши-тцу
2119.0	щенки
2120.0	девочка
2121.0	щенки
2122.0	руки
2123.0	бигля
2124.0	щенки
2125.0	акита
2126.0	руки
2127.0	руки
2128.0	руки
2129.0	девочка
2130.0	отдам
2131.0	фризе
2132.0	чихуахуа
2133.0	щенки
2134.0	щенки
2135.0	овчарки
2136.0	пекинес
2137.0	щенки
2138.0	вязка
2139.0	щенки
2140.0	пудель
2141.0	сенбернар
2142.0	чау
2143.0	щенок
2144.0	руки
2145.0	руки
2146.0	ши-тцу
2147.0	бульдог
2148.0	руки
2149.0	руки
2150.0	спаниель
2151.0	добрые
2152.0	шпиц
2153.0	щенки
2154.0	щенки
2155.0	щенки
2156.0	руки
2157.0	руки
2158.0	пудель
2159.0	щенок
2160.0	шарпей
2161.0	добрые
2162.0	руки
2163.0	платья
2164.0	руки
2165.0	руки
2166.0	щенок
2167.0	руки
2168.0	английского
2169.0	участок
2170.0	йоркширский
2171.0	щенки
2172.0	бассет
2173.0	черепаха
2174.0	мясо
2175.0	аквариум
2176.0	аквариум
2177.0	паук
2178.0	аквариум
2179.0	обработка
2180.0	улитки
2181.0	хорек
2182.0	продам
2183.0	енот
2184.0	поросята
2185.0	козлята
2186.0	козел
2187.0	участок
2188.0	поросята
2189.0	коза
2190.0	хряк
2191.0	поросята
2192.0	поросята
2193.0	корова
2194.0	овцы
2195.0	продам
2196.0	кролики
2197.0	морская
2198.0	центральный
2199.0	шиншилла
2200.0	клетка
2201.0	продам
2202.0	сирийские
2203.0	дегу
2204.0	морская
2205.0	корм
2206.0	белка
2207.0	продам
2208.0	гуси
2209.0	перепела
2210.0	утки
2211.0	петух
2212.0	ломан
2213.0	продам
2214.0	цыплята
2215.0	участке
2216.0	попугай
2217.0	квартира,
2218.0	квартира,
2219.0	квартира,
2220.0	квартира,
2221.0	квартира,
2222.0	квартира,
2223.0	набор
2224.0	гантель
2225.0	бутылки
2226.0	шугаринг
2227.0	услуги
2228.0	участок
2229.0	книги
2230.0	продам
2231.0	нож
2232.0	фонарь
2233.0	макет
2234.0	ножи
2235.0	участок
2236.0	участок
2237.0	х
2238.0	сварочный
2239.0	нож
2240.0	продам
2241.0	sony
2242.0	чехол
2243.0	микрометр
2244.0	продам
2245.0	мл
2246.0	лампа
2247.0	продам
2248.0	шугаринг
2249.0	крем
2251.0	тур
2252.0	свадебный
2253.0	кухонный
2254.0	картины
2255.0	участок
2256.0	сайтов
2257.0	продам
2258.0	продам
2259.0	номер
2260.0	номер
2261.0	ремонт
2262.0	ваз
2263.0	платье
2264.0	ваз
2265.0	зеленая
2266.0	помещение,
2267.0	ремонт
2268.0	участок
2269.0	программист
2270.0	ремонт
2271.0	ремонт
2272.0	создание
2273.0	волос
2274.0	бровей
2275.0	маникюр
2276.0	услуги
2277.0	шары
2278.0	платье
2279.0	квартира,
2280.0	квартира,
2281.0	платье
2282.0	участок
2283.0	журналы
2284.0	книга
2285.0	класс
2286.0	книги
2287.0	газовая
2288.0	перчатки
2289.0	рюкзак
2290.0	ящик
2291.0	коптильня
2292.0	лыжи
2293.0	сумка
2294.0	шайба
2295.0	эхолот
2296.0	костюм
2297.0	разгрузка
2298.0	налобный
2299.0	воблеры
2300.0	ласты
2301.0	термос
2302.0	garmin
2303.0	жилет
2304.0	кобура
2305.0	костюм
2306.0	плащ
2307.0	блесна
2308.0	спиннинг
2309.0	сапоги
2310.0	ночного
2311.0	чехол
2312.0	топор
2313.0	гидрокостюм
2314.0	черви
2315.0	сейф
2316.0	палатка
2317.0	мешок
2318.0	ледобур
2319.0	фляжка
2320.0	чучело
2321.0	фонарь
2322.0	катушка
2323.0	нож
2324.0	шкура
2325.0	велосипед
2326.0	грипсы
2327.0	перчатки
2328.0	db-
2329.0	велосипед
2330.0	ключ
2331.0	камера
2332.0	фонарь
2333.0	подседельный
2334.0	сумка
2335.0	цепь
2336.0	детское
2337.0	вилка
2338.0	багажник
2339.0	система
2340.0	насос
2341.0	велокомпьютер
2342.0	туфли
2343.0	покрышки
2344.0	вынос
2345.0	звонок
2346.0	тормоз
2347.0	бутылки
2348.0	бутылка
2349.0	крылья
2350.0	мм
2351.0	втулка
2352.0	shimano
2353.0	каретка
2354.0	переключатель
2355.0	замок
2356.0	платье
2357.0	седло
2358.0	shimano
2359.0	шлем
2360.0	колеса
2361.0	колодки
2362.0	колесо
2363.0	педали
2364.0	мм
2365.0	запчасти
2366.0	руль
2367.0	зеркало
2368.0	велосипед
2369.0	велосипед
2370.0	велосипед
2371.0	значки
2372.0	продам
2373.0	сумка
2374.0	очки
2375.0	подсумок
2376.0	продам
2377.0	телефон
2378.0	противогаз
2379.0	шлем
2380.0	кобура
2381.0	шеврон
2382.0	сапоги
2383.0	пальто
2384.0	ремень
2385.0	планшет
2386.0	каска
2387.0	знак
2388.0	котелок
2389.0	монеты
2390.0	фляжка
2391.0	лопатка
2392.0	ящик
2393.0	ссср
2394.0	бинокль
2395.0	куртка
2396.0	открытка
2397.0	конверты
2398.0	открытки
2399.0	ссср
2400.0	ссср
2401.0	бутыль
2402.0	пластинки
2403.0	карта
2404.0	макет
2405.0	железная
2406.0	ваз
2407.0	продам
2408.0	камаз
2409.0	модель
2410.0	солдатики
2411.0	модель
2412.0	модель
2413.0	трактор
2414.0	модель
2415.0	участке
2416.0	значки
2417.0	медаль
2418.0	монеты
2419.0	монеты
2420.0	пепельница
2421.0	зажигалка
2422.0	фото
2423.0	книги
2424.0	участок
2425.0	рублей
2426.0	билеты
2427.0	календарики
2428.0	колокольчик
2429.0	янтарь
2430.0	лампа
2431.0	пряжка
2432.0	абонемент
2433.0	крест
2434.0	ключ
2435.0	г
2436.0	бритва
2437.0	фишки
2438.0	нож
2439.0	ручка
2440.0	арифмометр
2441.0	флаг
2442.0	патефон
2443.0	спички
2444.0	мишка
2445.0	счеты
2446.0	прялка
2447.0	ступа
2448.0	радиоприемник
2449.0	вымпел
2450.0	линейка
2451.0	игрушки
2452.0	радиола
2453.0	ножницы
2454.0	магниты
2455.0	телефон
2456.0	готовальня
2457.0	телевизор
2458.0	вкладыши
2459.0	шлем
2460.0	касли
2461.0	телевизор
2462.0	знамя
2463.0	кольцо
2464.0	монеты
2465.0	игрушки
2466.0	насекомые
2467.0	чемодан
2468.0	кинопроектор
2469.0	замок
2470.0	фигурка
2471.0	топор
2472.0	платье
2473.0	диапроектор
2474.0	сундук
2475.0	книги
2476.0	рог
2477.0	портсигар
2478.0	брелок
2479.0	утюг
2480.0	мамонта
2481.0	моржа
2482.0	браслет
2483.0	кольцо
2484.0	наклейки
2485.0	нитки
2486.0	киндер
2487.0	марки
2488.0	гитарный
2489.0	микрофон
2490.0	стойка
2491.0	педаль
2492.0	пульт
2493.0	процессор
2494.0	pioneer
2495.0	прожектор
2496.0	усилитель
2497.0	микрофон
2498.0	прибор
2499.0	баян
2500.0	аккордеон
2501.0	гармонь
2502.0	скрипка
2503.0	блок
2504.0	флейта
2505.0	труба
2506.0	х
2507.0	губная
2508.0	набор
2509.0	саксофон
2510.0	кларнет
2511.0	мундштук
2512.0	клаксоны
2513.0	стол
2514.0	пианино
2515.0	casio
2516.0	синтезатор
2517.0	домра
2518.0	гитара
2519.0	гитара
2520.0	балалайка
2521.0	укулеле
2522.0	гитара
2523.0	электрогитара
2524.0	педаль
2525.0	установка
2526.0	продам
2527.0	барабан
2528.0	ударная
2529.0	барабан
2530.0	барабан
2531.0	глюкофон
2532.0	варган
2533.0	малый
2534.0	ride
2535.0	барабанные
2536.0	пресса
2537.0	педаль
2538.0	lp
2539.0	блинный
2540.0	лото
2541.0	игра
2542.0	кубик
2543.0	домино
2544.0	пазлы
2545.0	монополия
2546.0	игра
2547.0	набор
2548.0	ссср
2549.0	шахматы
2550.0	аэрохоккей
2551.0	карты
2552.0	часы
2553.0	игра
2554.0	настольный
2555.0	нарды
2556.0	круг
2557.0	бассейн
2558.0	шапочка
2559.0	надувной
2560.0	участок
2561.0	маска
2562.0	чизкейк
2563.0	трапеция
2565.0	очки
2566.0	редуктор
2567.0	наимилейший
2568.0	бассейн
2569.0	ласты
2570.0	баллон
2571.0	жилет
2572.0	кайт
2573.0	tusa
2574.0	круг
2575.0	лодка
2576.0	гидрокостюм
2577.0	райская
2578.0	участок
2579.0	газовая
2580.0	кроссовки
2581.0	мм
2582.0	тент
2583.0	рюкзак
2584.0	компас
2585.0	набор
2586.0	фонарь
2587.0	мангал
2588.0	термос
2589.0	сумка
2590.0	страховочная
2591.0	карабин
2592.0	стол
2593.0	работы
2594.0	палатка
2595.0	мешок
2596.0	надувной
2597.0	фонарь
2598.0	коврик
2599.0	кий
2600.0	шары
2601.0	шар
2602.0	бильярдный
2603.0	защита
2604.0	перчатки
2605.0	макивара
2606.0	мешок
2607.0	бокса
2608.0	защита
2609.0	перчатки
2610.0	борцовки
2611.0	лапы
2612.0	жилет
2613.0	шлем
2614.0	шорты
2615.0	защита
2616.0	рашгард
2617.0	бинты
2618.0	кимоно
2619.0	кимоно
2620.0	кимоно
2621.0	трико
2622.0	трейнер
2623.0	груша
2624.0	клюшка
2625.0	ботинки
2626.0	хоккейная
2627.0	шлем
2628.0	лыжи
2629.0	продам
2630.0	чехол
2631.0	ботинки
2632.0	платье
2633.0	лыжи
2634.0	маска
2635.0	нагрудник
2636.0	лыжи
2637.0	тюбинг
2638.0	хоккейная
2639.0	платье
2640.0	ботинки
2641.0	краги
2642.0	шлем
2643.0	лыжи
2644.0	хоккейные
2645.0	коньки
2646.0	налокотники
2647.0	сноуборд
2648.0	снегокат
2649.0	коньки
2650.0	скейтборд
2651.0	лонгборд
2652.0	ролики
2653.0	ролики
2654.0	защита
2655.0	самокат
2656.0	ролики
2657.0	ролики
2658.0	ролики
2659.0	лук
2660.0	тренажер
2661.0	гиря
2663.0	детский
2664.0	семена
2665.0	детский
2666.0	скакалка
2667.0	пояс
2668.0	mask
2669.0	силовой
2670.0	скамья
2671.0	кг
2672.0	тренажер
2673.0	блины
2674.0	турник
2675.0	турник
2676.0	тренажер
2677.0	степ-платформа
2678.0	стенка
2679.0	пресса
2681.0	скамья
2683.0	вибромассажер
2684.0	б/у
2685.0	шорты
2686.0	беговая
2687.0	велотренажер
2688.0	гриф
2689.0	аркон
2690.0	скамья
2691.0	гантели
2692.0	степпер
2693.0	штанга
2694.0	пресса
2695.0	эспандер
2696.0	спортивный
2697.0	фонарики
2698.0	платье
2699.0	обруч
2700.0	купальник
2701.0	туфли
2702.0	седло
2703.0	вертолет
2704.0	батут
2705.0	катушка
2706.0	мангал
2707.0	насос
2708.0	джамперы
2709.0	булавы
2710.0	мяч
2711.0	спортивный
2712.0	шлем
2713.0	разработчик
2714.0	веники
2715.0	гироскутер
2716.0	утепление
2717.0	участок
2718.0	мольберт
2719.0	качели
2720.0	дартс
2721.0	платье
2722.0	самокат
2723.0	участок
2724.0	ремонт
2725.0	торговое
2726.0	участок
2727.0	металлоискатель
2728.0	футболка
2729.0	участке
2730.0	баскетбольная
2731.0	бутсы
2732.0	коляска
2733.0	мяч
2734.0	гетры
2735.0	щитки
2736.0	бита
2737.0	кроссовки
2738.0	мяч
2739.0	перчатки
2740.0	мяч
2741.0	стол
2742.0	ракетки
2743.0	ракетка
2744.0	ракетки
2745.0	ракетка
2746.0	ракетка
2747.0	ракетки
2748.0	сумка
2749.0	калькулятор
2750.0	папка
2751.0	продам
2752.0	машинка
2753.0	полки
2754.0	тубус
2755.0	книга
2756.0	резак
2757.0	см
2758.0	доска
2759.0	печатей
2760.0	ручка
2761.0	брошюровщик
2762.0	ламинатор
2763.0	скотч
2764.0	набор
2765.0	степлер
2766.0	принтер
2767.0	факс
2768.0	panasonic
2769.0	квартира,
2770.0	принтер
2771.0	сканер
2772.0	canon
2773.0	мфу
2774.0	сетевой
2775.0	ибп
2776.0	кабель
2777.0	диски
2778.0	чернила
2779.0	картридж
2780.0	бумага
2781.0	фотобумага
2782.0	бумага
2783.0	бумага
2784.0	блок
2785.0	аккумулятор
2786.0	зарядное
2787.0	батарейка
2788.0	моноблок
2789.0	блок
2790.0	блок
2791.0	mac
2792.0	компьютер
2793.0	imac
2794.0	i
2795.0	компьютер
2796.0	компьютер
2797.0	кабель
2798.0	usb
2799.0	ноутбука
2800.0	коврик
2801.0	программатор
2802.0	очки
2803.0	asus
2804.0	шлейф
2805.0	переходник
2806.0	hdd
2807.0	планшет
2808.0	вентилятор
2809.0	usb
2810.0	сумка
2811.0	arduino
2812.0	usb
2813.0	роутер
2814.0	диск
2815.0	флешка
2816.0	карта
2817.0	n
2818.0	карта
2819.0	акустическая
2820.0	наушники
2821.0	клавиатура
2822.0	мышь
2823.0	apple
2824.0	мышь
2825.0	клавиатура
2826.0	мышь
2827.0	клавиатура
2828.0	клавиатура
2829.0	клавиатура
2830.0	джойстик
2831.0	геймпад
2832.0	руль
2833.0	камера
2834.0	камера
2835.0	logitech
2836.0	камера
2837.0	веб-камера
2838.0	камера
2839.0	шлейф
2840.0	samsung
2841.0	монитор
2842.0	lg
2843.0	монитор
2844.0	монитор
2845.0	монитор
2846.0	монитор
2847.0	монитор
2848.0	монитор
2849.0	монитор
2850.0	монитор
2851.0	матрица
2852.0	intel
2853.0	ddr
2854.0	питания
2855.0	питания
2856.0	аккумулятор
2857.0	ноутбука
2858.0	кулер
2859.0	термопаста
2860.0	диск
2861.0	карта
2862.0	плата
2863.0	привод
2864.0	райзер
2865.0	видеокарта
2866.0	tv
2867.0	стилус
2868.0	кабель
2869.0	аккумулятор
2870.0	тачскрин
2871.0	ipad
2872.0	samsung
2873.0	планшет
2874.0	чехол
2875.0	ipad
2876.0	планшет
2877.0	samsung
2878.0	kindle
2879.0	onyx
2880.0	электронная
2881.0	электронная
2882.0	набор
2883.0	электронная
2884.0	планшет
2885.0	электронная
2886.0	texet
2887.0	планшет
2888.0	ps
2889.0	игры
2890.0	windows
2891.0	sega
2892.0	xbox
2893.0	планшет
2894.0	wii
2895.0	dendy
2896.0	vita
2897.0	ps
2898.0	playstation
2899.0	ps
2900.0	psp
2901.0	xbox
2902.0	ps
2903.0	xbox
2904.0	номер
2905.0	htc
2906.0	zte
2907.0	кабель
2908.0	модем
2909.0	чехол
2910.0	зарядное
2911.0	дисплей
2912.0	аккумулятор
2913.0	очки
2914.0	philips
2915.0	panasonic
2916.0	fly
2917.0	huawei
2918.0	iphone
2919.0	bq
2920.0	телефон
2921.0	blackberry
2922.0	motorola
2923.0	телефон
2924.0	lenovo
2925.0	prestigio
2926.0	alcatel
2927.0	highscreen
2928.0	acer
2929.0	sony
2930.0	meizu
2931.0	micromax
2932.0	samsung
2933.0	lumia
2934.0	телефон
2935.0	dexp
2936.0	телефон
2937.0	рация
2938.0	телефон
2939.0	nokia
2940.0	explay
2941.0	asus
2942.0	lg
2943.0	телефон
2944.0	xiaomi
2945.0	vertu
2946.0	ноутбук
2947.0	ноутбук
2948.0	dell
2949.0	ноутбук
2950.0	macbook
2951.0	asus
2952.0	ноутбук
2953.0	macbook
2954.0	lenovo
2955.0	ноутбук
2956.0	hp
2957.0	ddr
2958.0	packard
2959.0	samsung
2960.0	hp
2961.0	ноутбук
2962.0	toshiba
2963.0	acer
2964.0	lenovo
2965.0	сумка
2966.0	фотоаппарат
2967.0	фотоаппарат
2968.0	фоторамка
2969.0	микроскоп
2970.0	рассеиватель
2971.0	стедикам
2972.0	фотоаппарат
2973.0	переходник
2974.0	canon
2975.0	стойка
2976.0	canon
2977.0	экспонометр
2978.0	отражатель
2979.0	вспышка
2980.0	yongnuo
2981.0	селфи
2982.0	фотоувеличитель
2983.0	участок
2984.0	рюкзак
2985.0	софтбокс
2986.0	falcon
2987.0	бленда
2988.0	монопод
2989.0	ремень
2990.0	головка
2991.0	пульт
2992.0	прожектор
2993.0	батарейный
2994.0	штатив
2995.0	сумка
2996.0	canon
2997.0	canon
2998.0	фотоаппарат
2999.0	фотоаппарат
3000.0	труба
3001.0	телескоп
3002.0	бинокль
3003.0	монокуляр
3004.0	бинокль
3005.0	кронштейн
3006.0	кронштейн
3007.0	питания
3008.0	конденсатор
3009.0	аккумулятор
3010.0	трансформатор
3011.0	зарядное
3012.0	пульт
3013.0	лампа
3014.0	кассеты
3015.0	осциллограф
3016.0	радиолампы
3017.0	антенна
3018.0	участок
3019.0	спутниковая
3020.0	плата
3021.0	головка
3022.0	телевизор
3023.0	телевизор
3024.0	проектор
3025.0	ресивер
3026.0	усилитель
3027.0	триколор
3028.0	кабель
3029.0	сабвуфер
3030.0	колонки
3031.0	колонка
3032.0	кинотеатр
3033.0	iphone
3034.0	ipod
3035.0	плеер
3036.0	плеер
3037.0	ipod
3038.0	кассетный
3039.0	видеомагнитофон
3040.0	dvd
3041.0	портативный
3042.0	dvd
3043.0	приставка
3044.0	микронаушник
3045.0	наушники
3046.0	наушники
3047.0	наушники
3048.0	наушники
3049.0	диски
3050.0	камера
3051.0	камера
3052.0	видеокамера
3053.0	gopro
3054.0	видеонаблюдения
3055.0	камера
3056.0	центр
3057.0	магнитола
3058.0	радиоприемник
3059.0	магнитофон
3060.0	проигрыватель
3061.0	дека
3062.0	микрофон
3063.0	фен
3064.0	микрофон
3065.0	микрофон
3066.0	диктофон
